code,nom,pourcentage,complet
01160,Ferney-Voltaire,"100,00",oui
01194,Jassans-Riottier,"100,00",oui
01249,Miribel,"100,00",oui
01283,Oyonnax,"100,00",oui
01322,Reyrieux,"100,00",oui
01378,Saint-Maurice-de-Gourdans,"100,00",oui
01427,Trévoux,"100,00",oui
01450,Villieu-Loyes-Mollon,"100,00",oui
02011,Ambleny,"100,00",oui
02135,Buironfosse,"100,00",oui
02139,Caillouël-Crépigny,"100,00",oui
02160,Chaourse,"100,00",oui
02173,Chauny,"100,00",oui
02243,Crouy,"100,00",oui
02307,La Ferté-Milon,"100,00",oui
02336,Frières-Faillouël,"100,00",oui
02360,Villeneuve-sur-Aisne,"100,00",oui
02408,Laon,"100,00",oui
02539,Nauroy,"100,00",oui
02558,Le Nouvion-en-Thiérache,"100,00",oui
02719,Sinceny,"100,00",oui
02788,Versigny,"100,00",oui
02810,Villers-Cotterêts,"100,00",oui
02821,Vivaise,"100,00",oui
03082,Commentry,"100,00",oui
03093,Creuzier-le-Neuf,"100,00",oui
03101,Domérat,"100,00",oui
03155,Lurcy-Lévis,"100,00",oui
03185,Montluçon,"100,00",oui
03225,Saint-Désiré,"100,00",oui
03315,Villefranche-d'Allier,"100,00",oui
03321,Yzeure,"100,00",oui
04070,Digne-les-Bains,"100,00",oui
04084,Estoublon,"100,00",oui
04145,Peipin,"100,00",oui
04149,Peyruis,"100,00",oui
04166,Riez,"100,00",oui
04209,Sisteron,"100,00",oui
05006,L'Argentière-la-Bessée,"100,00",oui
05023,Briançon,"100,00",oui
05036,Châteauroux-les-Alpes,"100,00",oui
05052,Eygliers,"100,00",oui
05132,Saint-Bonnet-en-Champsaur,"100,00",oui
05162,La Saulce,"100,00",oui
05178,Ventavon,"100,00",oui
06010,Le Bar-sur-Loup,"100,00",oui
06026,Cabris,"100,00",oui
06095,Peymeinade,"100,00",oui
06138,Théoule-sur-Mer,"100,00",oui
06150,La Turbie,"100,00",oui
06151,Utelle,"100,00",oui
06157,Vence,"100,00",oui
06163,Tende,"100,00",oui
07019,Aubenas,"100,00",oui
07055,Charmes-sur-Rhône,"100,00",oui
07117,Lablachère,"100,00",oui
07155,Mercuer,"100,00",oui
07186,Privas,"100,00",oui
07201,Ruoms,"100,00",oui
07259,Saint-Just-d'Ardèche,"100,00",oui
07334,Les Vans,"100,00",oui
07343,Vinezac,"100,00",oui
08087,Brognon,"100,00",oui
08139,Deville,"100,00",oui
08180,La Francheville,"100,00",oui
08190,Givet,"100,00",oui
08222,Haybes,"100,00",oui
08331,Noyers-Pont-Maugis,"100,00",oui
08362,Rethel,"100,00",oui
08363,Revin,"100,00",oui
08366,Rocquigny,"100,00",oui
08497,Warcq,"100,00",oui
09122,Foix,"100,00",oui
09194,Mirepoix,"100,00",oui
09200,Montbel,"100,00",oui
09225,Pamiers,"100,00",oui
09261,Saint-Girons,"100,00",oui
10006,Arcis-sur-Aube,"100,00",oui
10033,Bar-sur-Aube,"100,00",oui
10245,Montaulin,"100,00",oui
10323,Romilly-sur-Seine,"100,00",oui
10420,Villenauxe-la-Grande,"100,00",oui
11028,Belcaire,"100,00",oui
11068,Capendu,"100,00",oui
11202,Leucate,"100,00",oui
11203,Lézignan-Corbières,"100,00",oui
11253,Montolieu,"100,00",oui
11256,Montséret,"100,00",oui
11261,Moux,"100,00",oui
11262,Narbonne,"100,00",oui
11304,Quillan,"100,00",oui
11315,Rieux-Minervois,"100,00",oui
11322,Roquefort-des-Corbières,"100,00",oui
11332,Saint-André-de-Roquelongue,"100,00",oui
11375,Seignalens,"100,00",oui
12089,Decazeville,"100,00",oui
12197,Réquista,"100,00",oui
12202,Rodez,"100,00",oui
12231,Saint-Jean-du-Bruel,"100,00",oui
13021,Carry-le-Rouet,"100,00",oui
13026,Châteauneuf-les-Martigues,"100,00",oui
13032,Eguilles,"100,00",oui
13035,Eyguières,"100,00",oui
13037,La Fare-les-Oliviers,"100,00",oui
13039,Fos-sur-Mer,"100,00",oui
13041,Gardanne,"100,00",oui
13047,Istres,"100,00",oui
13050,Lambesc,"100,00",oui
13056,Martigues,"100,00",oui
13066,Noves,"100,00",oui
13086,Roquevaire,"100,00",oui
13095,Saint-Marc-Jaumegarde,"100,00",oui
13096,Saintes-Maries-de-la-Mer,"100,00",oui
13100,Saint-Rémy-de-Provence,"100,00",oui
13101,Saint-Savournin,"100,00",oui
13102,Saint-Victoret,"100,00",oui
13104,Sausset-les-Pins,"100,00",oui
13105,Sénas,"100,00",oui
13108,Tarascon,"100,00",oui
13109,Le Tholonet,"100,00",oui
13112,Velaux,"100,00",oui
14106,Bréville-les-Monts,"100,00",oui
14118,Caen,"100,00",oui
14174,Condé-en-Normandie,"100,00",oui
14191,Courseulles-sur-Mer,"100,00",oui
14333,Honfleur,"100,00",oui
14342,Isigny-sur-Mer,"100,00",oui
14354,Langrune-sur-Mer,"100,00",oui
14371,Livarot-Pays-d'Auge,"100,00",oui
14456,Moult-Chicheboville,"100,00",oui
14579,Seulline,"100,00",oui
14614,Sainte-Marguerite-d'Elle,"100,00",oui
14652,Saint-Pierre-du-Mont,"100,00",oui
14654,Saint-Pierre-en-Auge,"100,00",oui
14712,Troarn,"100,00",oui
14715,Trouville-sur-Mer,"100,00",oui
14754,Villers-sur-Mer,"100,00",oui
15037,Champagnac,"100,00",oui
15053,Coltines,"100,00",oui
15120,Mauriac,"100,00",oui
15153,Pleaux,"100,00",oui
15213,Saint-Saturnin,"100,00",oui
15216,Saint-Urcize,"100,00",oui
16015,Angoulême,"100,00",oui
16049,Bonnes,"100,00",oui
16068,Cellefrouin,"100,00",oui
16081,La Chapelle,"100,00",oui
16154,Gond-Pontouvre,"100,00",oui
16211,Marthon,"100,00",oui
16281,La Rochefoucauld-en-Angoumois,"100,00",oui
16374,Soyaux,"100,00",oui
16382,Torsac,"100,00",oui
17024,Aulnay,"100,00",oui
17034,Barzan,"100,00",oui
17051,Le Bois-Plage-en-Ré,"100,00",oui
17053,Bords,"100,00",oui
17098,Chenac-Saint-Seurin-d'Uzet,"100,00",oui
17120,Corme-Royal,"100,00",oui
17140,Dolus-d'Oléron,"100,00",oui
17151,L'Eguille,"100,00",oui
17196,Jazennes,"100,00",oui
17218,Marans,"100,00",oui
17236,Mirambeau,"100,00",oui
17300,La Rochelle,"100,00",oui
17301,Romazières,"100,00",oui
17306,Royan,"100,00",oui
17308,Saint-Agnant,"100,00",oui
17323,Saint-Denis-d'Oléron,"100,00",oui
17330,Sainte-Gemme,"100,00",oui
17333,Saint-Georges-de-Didonne,"100,00",oui
17360,Sainte-Marie-de-Ré,"100,00",oui
17380,Saint-Palais-sur-Mer,"100,00",oui
17385,Saint-Pierre-d'Oléron,"100,00",oui
17415,Saintes,"100,00",oui
17434,Surgères,"100,00",oui
17437,Talmont-sur-Gironde,"100,00",oui
17452,La Tremblade,"100,00",oui
18024,Beddes,"100,00",oui
18033,Bourges,"100,00",oui
18142,Meillant,"100,00",oui
18160,Nérondes,"100,00",oui
18197,Saint-Amand-Montrond,"100,00",oui
18212,Saint-Germain-des-Bois,"100,00",oui
18279,Vierzon,"100,00",oui
18281,Vignoux-sur-Barangeon,"100,00",oui
19005,Allassac,"100,00",oui
19028,Bort-les-Orgues,"100,00",oui
19073,Egletons,"100,00",oui
19113,Liginiac,"100,00",oui
19148,Neuvic,"100,00",oui
19272,Tulle,"100,00",oui
19275,Ussel,"100,00",oui
19276,Uzerche,"100,00",oui
21023,Arnay-le-Duc,"100,00",oui
21297,Gilly-lès-Cîteaux,"100,00",oui
21452,Neuilly-Crimolois,"100,00",oui
21464,Nuits-Saint-Georges,"100,00",oui
21497,Pont-et-Massène,"100,00",oui
21560,Saint-Martin-de-la-Mer,"100,00",oui
21584,Saulieu,"100,00",oui
21603,Semur-en-Auxois,"100,00",oui
21615,Sussey,"100,00",oui
21617,Talant,"100,00",oui
21655,Vanvey,"100,00",oui
22055,Binic-Etables-sur-Mer,"100,00",oui
22072,Gurunhuel,"100,00",oui
22106,Langueux,"100,00",oui
22113,Lannion,"100,00",oui
22147,Merdrignac,"100,00",oui
22155,La Motte,"100,00",oui
22168,Perros-Guirec,"100,00",oui
22179,Fréhel,"100,00",oui
22198,Pleumeur-Bodou,"100,00",oui
22201,Plévenon,"100,00",oui
22208,Plouasne,"100,00",oui
22211,Ploubezre,"100,00",oui
22228,Plounévez-Moëdec,"100,00",oui
22233,Plourivo,"100,00",oui
22251,Pordic,"100,00",oui
22278,Saint-Brieuc,"100,00",oui
22353,Trégastel,"100,00",oui
23040,La Celle-sous-Gouzon,"100,00",oui
23096,Guéret,"100,00",oui
23149,Parsac,"100,00",oui
23165,Royère-de-Vassivière,"100,00",oui
23232,Saint-Pierre-Bellevue,"100,00",oui
24037,Bergerac,"100,00",oui
24071,Bussière-Badil,"100,00",oui
24081,Carlux,"100,00",oui
24164,Excideuil,"100,00",oui
24165,Eygurande-et-Gardedeuil,"100,00",oui
24218,Jumilhac-le-Grand,"100,00",oui
24223,Lalinde,"100,00",oui
24242,Liorac-sur-Louyre,"100,00",oui
24256,Marsac-sur-l'Isle,"100,00",oui
24294,Montpon-Ménestérol,"100,00",oui
24322,Périgueux,"100,00",oui
24352,Ribérac,"100,00",oui
24356,Rouffignac-Saint-Cernin-de-Reilhac,"100,00",oui
24376,Saint Aulaye-Puymangou,"100,00",oui
24437,Saint-Laurent-des-Vignes,"100,00",oui
24454,Saint-Martin-de-Gurson,"100,00",oui
24519,Sarlande,"100,00",oui
24520,Sarlat-la-Canéda,"100,00",oui
25056,Besançon,"100,00",oui
25057,Bethoncourt,"100,00",oui
25058,Beure,"100,00",oui
25284,Grand-Charmont,"100,00",oui
25367,Mandeure,"100,00",oui
25462,Pontarlier,"100,00",oui
25463,Pont-de-Roide-Vermondans,"100,00",oui
26011,Aouste-sur-Sye,"100,00",oui
26042,Beauvallon,"100,00",oui
26063,Buis-les-Baronnies,"100,00",oui
26113,Die,"100,00",oui
26193,Montbrun-les-Bains,"100,00",oui
26210,Valherbasse,"100,00",oui
26220,Nyons,"100,00",oui
26252,Portes-lès-Valence,"100,00",oui
26281,Romans-sur-Isère,"100,00",oui
26289,Saillans,"100,00",oui
26292,Saint-Auban-sur-l'Ouvèze,"100,00",oui
26324,Saint-Paul-Trois-Châteaux,"100,00",oui
27016,Les Andelys,"100,00",oui
27056,Bernay,"100,00",oui
27149,La Chapelle-Hareng,"100,00",oui
27164,Combon,"100,00",oui
27229,Evreux,"100,00",oui
27275,Gaillon,"100,00",oui
27375,Louviers,"100,00",oui
27412,Terres de Bord,"100,00",oui
27481,Pullay,"100,00",oui
28015,Auneau-Bleury-Saint-Symphorien,"100,00",oui
28085,Chartres,"100,00",oui
28094,Chaudon,"100,00",oui
28134,Dreux,"100,00",oui
28168,Gallardon,"100,00",oui
28279,Nogent-le-Roi,"100,00",oui
28280,Nogent-le-Rotrou,"100,00",oui
28370,Saumeray,"100,00",oui
2A065,Cargèse,"100,00",oui
2A198,Ota,"100,00",oui
2A272,Sartène,"100,00",oui
2B033,Bastia,"100,00",oui
2B173,Muro,"100,00",oui
2B328,Tox,"100,00",oui
29003,Audierne,"100,00",oui
29016,Brasparts,"100,00",oui
29019,Brest,"100,00",oui
29024,Carhaix-Plouguer,"100,00",oui
29026,Châteaulin,"100,00",oui
29039,Concarneau,"100,00",oui
29042,Crozon,"100,00",oui
29057,La Forêt-Fouesnant,"100,00",oui
29069,Guilers,"100,00",oui
29105,Landivisiau,"100,00",oui
29134,Locronan,"100,00",oui
29135,Loctudy,"100,00",oui
29136,Locunolé,"100,00",oui
29147,Mellac,"100,00",oui
29153,Névez,"100,00",oui
29158,Penmarch,"100,00",oui
29160,Plabennec,"100,00",oui
29174,Plonéour-Lanvern,"100,00",oui
29188,Plougasnou,"100,00",oui
29189,Plougastel-Daoulas,"100,00",oui
29190,Plougonvelin,"100,00",oui
29218,Pont-Croix,"100,00",oui
29221,Porspoder,"100,00",oui
29232,Quimper,"100,00",oui
29274,Scaër,"100,00",oui
30003,Aigues-Mortes,"100,00",oui
30004,Aigues-Vives,"100,00",oui
30028,Bagnols-sur-Cèze,"100,00",oui
30037,Bessèges,"100,00",oui
30062,Calvisson,"100,00",oui
30092,Connaux,"100,00",oui
30127,Gaujac,"100,00",oui
30141,Laudun-l'Ardoise,"100,00",oui
30168,Mialet,"100,00",oui
30202,Pont-Saint-Esprit,"100,00",oui
30206,Poulx,"100,00",oui
30259,Saint-Hilaire-de-Brethmas,"100,00",oui
30346,Vers-Pont-du-Gard,"100,00",oui
31023,Aulon,"100,00",oui
31033,Auterive,"100,00",oui
31042,Bagnères-de-Luchon,"100,00",oui
31107,Carbonne,"100,00",oui
31165,Eaunes,"100,00",oui
31239,L'Isle-en-Dodon,"100,00",oui
31282,Launaguet,"100,00",oui
31291,Léguevin,"100,00",oui
31390,Montréjeau,"100,00",oui
31461,Rouède,"100,00",oui
31484,Saint-Geniès-Bellevue,"100,00",oui
31499,Saint-Lys,"100,00",oui
31512,Saint-Pierre-de-Lages,"100,00",oui
31573,Verfeil,"100,00",oui
32013,Auch,"100,00",oui
32160,L'Isle-Jourdain,"100,00",oui
32290,Montréal,"100,00",oui
32459,Valence-sur-Baïse,"100,00",oui
33005,Andernos-les-Bains,"100,00",oui
33013,Artigues-près-Bordeaux,"100,00",oui
33015,Arveyres,"100,00",oui
33018,Val de Virvée,"100,00",oui
33030,Barsac,"100,00",oui
33042,Belin-Béliet,"100,00",oui
33047,Berson,"100,00",oui
33049,Beychac-et-Caillau,"100,00",oui
33052,Les Billaux,"100,00",oui
33056,Blanquefort,"100,00",oui
33058,Blaye,"100,00",oui
33073,Braud-et-Saint-Louis,"100,00",oui
33075,Bruges,"100,00",oui
33081,Cadillac-sur-Garonne,"100,00",oui
33104,Castelnau-de-Médoc,"100,00",oui
33140,Créon,"100,00",oui
33157,Espiet,"100,00",oui
33174,Fronsac,"100,00",oui
33199,Gujan-Mestras,"100,00",oui
33219,La Lande-de-Fronsac,"100,00",oui
33229,Lanton,"100,00",oui
33236,Lège-Cap-Ferret,"100,00",oui
33238,Léognan,"100,00",oui
33249,Lormont,"100,00",oui
33311,Paillet,"100,00",oui
33312,Parempuyre,"100,00",oui
33314,Pauillac,"100,00",oui
33317,Périssac,"100,00",oui
33318,Pessac,"100,00",oui
33322,Le Pian-Médoc,"100,00",oui
33348,Queyrac,"100,00",oui
33366,Saint-André-de-Cubzac,"100,00",oui
33382,Saint-Christoly-de-Blaye,"100,00",oui
33389,Saint-Ciers-sur-Gironde,"100,00",oui
33422,Saint-Jean-d'Illac,"100,00",oui
33433,Saint-Loubès,"100,00",oui
33478,Saint-Seurin-sur-l'Isle,"100,00",oui
33496,Salleboeuf,"100,00",oui
33529,La Teste-de-Buch,"100,00",oui
33544,Le Verdon-sur-Mer,"100,00",oui
34003,Agde,"100,00",oui
34023,Balaruc-les-Bains,"100,00",oui
34024,Balaruc-le-Vieux,"100,00",oui
34025,Bassan,"100,00",oui
34028,Bédarieux,"100,00",oui
34033,Boisseron,"100,00",oui
34039,Bouzigues,"100,00",oui
34073,Cers,"100,00",oui
34079,Clermont-l'Hérault,"100,00",oui
34116,Grabels,"100,00",oui
34123,Juvignac,"100,00",oui
34129,Lattes,"100,00",oui
34145,Lunel,"100,00",oui
34146,Lunel-Viel,"100,00",oui
34153,Les Matelles,"100,00",oui
34154,Mauguio,"100,00",oui
34158,Minerve,"100,00",oui
34159,Mireval,"100,00",oui
34161,Montady,"100,00",oui
34173,Montpeyroux,"100,00",oui
34192,Palavas-les-Flots,"100,00",oui
34213,Poussan,"100,00",oui
34217,Prades-le-Lez,"100,00",oui
34239,Saint-André-de-Sangonis,"100,00",oui
34248,Sainte-Croix-de-Quintillargues,"100,00",oui
34266,Saint-Jean-de-Cuculles,"100,00",oui
34270,Saint-Jean-de-Védas,"100,00",oui
34321,Valergues,"100,00",oui
34332,Vias,"100,00",oui
34337,Villeneuve-lès-Maguelone,"100,00",oui
35013,Bains-sur-Oust,"100,00",oui
35066,Chartres-de-Bretagne,"100,00",oui
35067,Chasné-sur-Illet,"100,00",oui
35080,Cintré,"100,00",oui
35101,Dourdain,"100,00",oui
35115,Fougères,"100,00",oui
35126,Guichen,"100,00",oui
35145,Langon,"100,00",oui
35189,Montgermont,"100,00",oui
35207,Noyal-sur-Vilaine,"100,00",oui
35210,Pacé,"100,00",oui
35228,Pleurtuit,"100,00",oui
35231,Poligné,"100,00",oui
35241,La Richardais,"100,00",oui
35257,Maen Roch,"100,00",oui
35281,Saint-Jacques-de-la-Lande,"100,00",oui
35287,Saint-Lunaire,"100,00",oui
35288,Saint-Malo,"100,00",oui
35353,Vezin-le-Coquet,"100,00",oui
35359,Visseiche,"100,00",oui
36006,Argenton-sur-Creuse,"100,00",oui
36018,Le Blanc,"100,00",oui
36036,Chalais,"100,00",oui
36088,Issoudun,"100,00",oui
36109,Le Magny,"100,00",oui
36117,Le Menoux,"100,00",oui
36182,Saint-Benoît-du-Sault,"100,00",oui
36244,Villentrois-Faverolles-en-Berry,"100,00",oui
37003,Amboise,"100,00",oui
37021,Beaumont-Louestault,"100,00",oui
37054,Chanceaux-sur-Choisille,"100,00",oui
37063,Château-Renault,"100,00",oui
37081,Cléré-les-Pins,"100,00",oui
37105,Faye-la-Vineuse,"100,00",oui
37139,Luynes,"100,00",oui
37143,Manthelan,"100,00",oui
37151,La Membrolle-sur-Choisille,"100,00",oui
37163,Nazelles-Négron,"100,00",oui
37189,Preuilly-sur-Claise,"100,00",oui
37250,Sorigny,"100,00",oui
37266,Veigné,"100,00",oui
38022,Les Avenières Veyrins-Thuellin,"100,00",oui
38087,Chasse-sur-Rhône,"100,00",oui
38114,Clonas-sur-Varèze,"100,00",oui
38128,Corps,"100,00",oui
38138,Crémieu,"100,00",oui
38140,Crolles,"100,00",oui
38150,Domène,"100,00",oui
38151,Echirolles,"100,00",oui
38179,Gières,"100,00",oui
38190,Hières-sur-Amby,"100,00",oui
38193,L'Isle-d'Abeau,"100,00",oui
38225,Autrans-Méaudre en Vercors,"100,00",oui
38337,Rives,"100,00",oui
38395,Plateau-des-Petites-Roches,"100,00",oui
38407,La Sure en Chartreuse,"100,00",oui
38416,Saint-Marcellin,"100,00",oui
38422,Saint-Martin-d'Uriage,"100,00",oui
38471,Le Sappey-en-Chartreuse,"100,00",oui
38474,Sassenage,"100,00",oui
38486,Seyssins,"100,00",oui
38504,Theys,"100,00",oui
38507,Tignieu-Jameyzieu,"100,00",oui
38537,La Verpillière,"100,00",oui
38545,Vif,"100,00",oui
38555,Villeneuve-de-Marc,"100,00",oui
38565,Voreppe,"100,00",oui
39047,Bellefontaine,"100,00",oui
39182,Crissey,"100,00",oui
39189,Damparis,"100,00",oui
39300,Lons-le-Saunier,"100,00",oui
39478,Saint-Claude,"100,00",oui
40065,Capbreton,"100,00",oui
40187,Moliets-et-Maa,"100,00",oui
40192,Mont-de-Marsan,"100,00",oui
40209,Ondres,"100,00",oui
40304,Soorts-Hossegor,"100,00",oui
41018,Blois,"100,00",oui
41046,Chaumont-sur-Tharonne,"100,00",oui
41067,Cour-Cheverny,"100,00",oui
41097,Gièvres,"100,00",oui
41194,Romorantin-Lanthenay,"100,00",oui
41280,Villefranche-sur-Cher,"100,00",oui
42095,Firminy,"100,00",oui
42123,Lorette,"100,00",oui
42187,Roanne,"100,00",oui
42207,Saint-Chamond,"100,00",oui
42231,Saint-Germain-Lespinasse,"100,00",oui
42285,Saint-Romain-le-Puy,"100,00",oui
42323,Veauche,"100,00",oui
43012,Aurec-sur-Loire,"100,00",oui
43020,Bas-en-Basset,"100,00",oui
43051,Le Chambon-sur-Lignon,"100,00",oui
43112,Langeac,"100,00",oui
43137,Monistrol-sur-Loire,"100,00",oui
43211,Saint-Maurice-de-Lignon,"100,00",oui
44015,Blain,"100,00",oui
44026,Carquefou,"100,00",oui
44028,Le Cellier,"100,00",oui
44045,Cordemais,"100,00",oui
44047,Couëron,"100,00",oui
44049,Le Croisic,"100,00",oui
44052,Donges,"100,00",oui
44055,La Baule-Escoublac,"100,00",oui
44056,Fay-de-Bretagne,"100,00",oui
44072,Herbignac,"100,00",oui
44087,Machecoul-Saint-Même,"100,00",oui
44103,Montoir-de-Bretagne,"100,00",oui
44129,Pontchâteau,"100,00",oui
44131,Pornic,"100,00",oui
44184,Saint-Nazaire,"100,00",oui
44195,Savenay,"100,00",oui
44204,Thouaré-sur-Loire,"100,00",oui
44213,Loireauxence,"100,00",oui
45004,Amilly,"100,00",oui
45053,Briare,"100,00",oui
45068,Châlette-sur-Loing,"100,00",oui
45098,Cléry-Saint-André,"100,00",oui
45115,Courtenay,"100,00",oui
45146,La Ferté-Saint-Aubin,"100,00",oui
45147,Fleury-les-Aubrais,"100,00",oui
45165,Gy-les-Nonains,"100,00",oui
45182,Ligny-le-Ribault,"100,00",oui
45208,Montargis,"100,00",oui
45274,Saint-Denis-en-Val,"100,00",oui
45277,Saint-Florent-le-Jeune,"100,00",oui
45284,Saint-Jean-de-Braye,"100,00",oui
46078,Couzou,"100,00",oui
46102,Figeac,"100,00",oui
46309,Souillac,"100,00",oui
46330,Vayrac,"100,00",oui
47001,Agen,"100,00",oui
47004,Aiguillon,"100,00",oui
47031,Boé,"100,00",oui
47046,Calonges,"100,00",oui
47049,Casseneuil,"100,00",oui
47057,Castillonnès,"100,00",oui
47138,Laroque-Timbaut,"100,00",oui
47157,Marmande,"100,00",oui
47168,Miramont-de-Guyenne,"100,00",oui
47173,Monclar,"100,00",oui
47201,Le Passage,"100,00",oui
47207,Pompiey,"100,00",oui
47215,Pujols,"100,00",oui
47252,Sainte-Livrade-sur-Lot,"100,00",oui
47295,Savignac-sur-Leyze,"100,00",oui
47310,Tonneins,"100,00",oui
47323,Villeneuve-sur-Lot,"100,00",oui
48070,Grandrieu,"100,00",oui
48095,Mende,"100,00",oui
48096,Meyrueis,"100,00",oui
48140,Saint-Chély-d'Apcher,"100,00",oui
49007,Angers,"100,00",oui
49015,Avrillé,"100,00",oui
49035,Bouchemaine,"100,00",oui
49050,Brissac Loire Aubance,"100,00",oui
49063,Chalonnes-sur-Loire,"100,00",oui
49099,Cholet,"100,00",oui
49126,Orée d'Anjou,"100,00",oui
49328,Saumur,"100,00",oui
49353,Trélazé,"100,00",oui
50003,Agon-Coutainville,"100,00",oui
50066,Jullouville,"100,00",oui
50147,Coutances,"100,00",oui
50167,Dragey-Ronthon,"100,00",oui
50215,Gouville-sur-Mer,"100,00",oui
50218,Granville,"100,00",oui
50412,Port-Bail-sur-Mer,"100,00",oui
50502,Saint-Lô,"100,00",oui
50523,Sainte-Mère-Eglise,"100,00",oui
50550,Saint-Sauveur-Villages,"100,00",oui
50565,Sartilly-Baie-Bocage,"100,00",oui
51030,Aÿ-Champagne,"100,00",oui
51058,Bezannes,"100,00",oui
51210,Dizy,"100,00",oui
51230,Epernay,"100,00",oui
51298,Igny-Comblizy,"100,00",oui
51391,Muizon,"100,00",oui
51454,Reims,"100,00",oui
51474,Saint-Brice-Courcelles,"100,00",oui
51530,Sept-Saulx,"100,00",oui
51531,Sermaize-les-Bains,"100,00",oui
51535,Sézanne,"100,00",oui
51573,Tinqueux,"100,00",oui
51583,Trois-Fontaines-l'Abbaye,"100,00",oui
52121,Chaumont,"100,00",oui
52269,Langres,"100,00",oui
52284,Leschères-sur-le-Blaiseron,"100,00",oui
52550,Wassy,"100,00",oui
54099,Val de Briey,"100,00",oui
54174,Ecrouves,"100,00",oui
54215,Frouard,"100,00",oui
54222,Gerbéviller,"100,00",oui
54279,Jezainville,"100,00",oui
54300,Laneuveville-devant-Nancy,"100,00",oui
54314,Lexy,"100,00",oui
54320,Loisy,"100,00",oui
54323,Longwy,"100,00",oui
54326,Lubey,"100,00",oui
54329,Lunéville,"100,00",oui
54453,Rembercourt-sur-Mad,"100,00",oui
54495,Saulxures-lès-Nancy,"100,00",oui
54504,Serrouville,"100,00",oui
55029,Bar-le-Duc,"100,00",oui
55035,Bazincourt-sur-Saulx,"100,00",oui
55122,Commercy,"100,00",oui
55166,Dugny-sur-Meuse,"100,00",oui
55228,Hannonville-sous-les-Côtes,"100,00",oui
55271,Laheycourt,"100,00",oui
55346,Montfaucon-d'Argonne,"100,00",oui
55351,Montmédy,"100,00",oui
55430,Ribeaucourt,"100,00",oui
55505,Thierville-sur-Meuse,"100,00",oui
55514,Trémont-sur-Saulx,"100,00",oui
55521,Troyon,"100,00",oui
56005,Arzon,"100,00",oui
56007,Auray,"100,00",oui
56034,Carnac,"100,00",oui
56078,Guidel,"100,00",oui
56080,Guilliers,"100,00",oui
56083,Hennebont,"100,00",oui
56084,Le Hézo,"100,00",oui
56088,Ile-d'Arz,"100,00",oui
56096,Landaul,"100,00",oui
56099,Langoëlan,"100,00",oui
56107,Larmor-Plage,"100,00",oui
56118,Locmiquélic,"100,00",oui
56121,Lorient,"100,00",oui
56136,Monteneuf,"100,00",oui
56155,Pénestin,"100,00",oui
56167,Plougoumelen,"100,00",oui
56178,Pontivy,"100,00",oui
56181,Port-Louis,"100,00",oui
56186,Quiberon,"100,00",oui
56188,Quistinic,"100,00",oui
56201,Le Saint,"100,00",oui
56231,Saint-Nolff,"100,00",oui
56243,Séné,"100,00",oui
56252,Le Tour-du-Parc,"100,00",oui
56258,La Trinité-sur-Mer,"100,00",oui
57003,Abreschviller,"100,00",oui
57019,Amnéville,"100,00",oui
57049,Le Ban-Saint-Martin,"100,00",oui
57091,Bliesbruck,"100,00",oui
57097,Boulay-Moselle,"100,00",oui
57143,Clouange,"100,00",oui
57160,Creutzwald,"100,00",oui
57209,Faulquemont,"100,00",oui
57212,Féy,"100,00",oui
57224,Folschviller,"100,00",oui
57227,Forbach,"100,00",oui
57283,Hagondange,"100,00",oui
57380,Laneuveville-lès-Lorquin,"100,00",oui
57499,Neufgrange,"100,00",oui
57537,Petite-Rosselle,"100,00",oui
57540,Phalsbourg,"100,00",oui
57550,Porcelette,"100,00",oui
57563,Raville,"100,00",oui
57606,Saint-Avold,"100,00",oui
57631,Sarreguemines,"100,00",oui
57669,Théding,"100,00",oui
57672,Thionville,"100,00",oui
57765,Diesen,"100,00",oui
58045,La Celle-sur-Nièvre,"100,00",oui
58086,Cosne-Cours-sur-Loire,"100,00",oui
58134,Imphy,"100,00",oui
58160,Marzy,"100,00",oui
58194,Nevers,"100,00",oui
58218,Prémery,"100,00",oui
58235,Saint-Brisson,"100,00",oui
58250,Saint-Léger-des-Vignes,"100,00",oui
58273,Sauvigny-les-Bois,"100,00",oui
58303,Varennes-Vauzelles,"100,00",oui
59002,Abscon,"100,00",oui
59009,Villeneuve-d'Ascq,"100,00",oui
59011,Annoeullin,"100,00",oui
59017,Armentières,"100,00",oui
59026,Aubigny-au-Bac,"100,00",oui
59028,Auby,"100,00",oui
59068,Berlaimont,"100,00",oui
59092,Bouchain,"100,00",oui
59094,Bourbourg,"100,00",oui
59104,Boussois,"100,00",oui
59107,Bray-Dunes,"100,00",oui
59115,Brunémont,"100,00",oui
59118,Busigny,"100,00",oui
59122,Cambrai,"100,00",oui
59152,Comines,"100,00",oui
59153,Condé-sur-l'Escaut,"100,00",oui
59163,Croix,"100,00",oui
59178,Douai,"100,00",oui
59179,Douchy-les-Mines,"100,00",oui
59205,Escaudain,"100,00",oui
59220,Faches-Thumesnil,"100,00",oui
59226,Felleries,"100,00",oui
59253,Fresnes-sur-Escaut,"100,00",oui
59256,Fretin,"100,00",oui
59263,Goeulzin,"100,00",oui
59266,Gondecourt,"100,00",oui
59268,La Gorgue,"100,00",oui
59276,Guesnain,"100,00",oui
59279,Halluin,"100,00",oui
59284,Hasnon,"100,00",oui
59285,Haspres,"100,00",oui
59286,Haubourdin,"100,00",oui
59302,Hérin,"100,00",oui
59305,Herzeele,"100,00",oui
59328,Lambersart,"100,00",oui
59349,Ligny-en-Cambrésis,"100,00",oui
59365,Louvroil,"100,00",oui
59383,Marly,"100,00",oui
59388,Marquillies,"100,00",oui
59414,Montigny-en-Ostrevent,"100,00",oui
59428,Neuville-Saint-Rémy,"100,00",oui
59482,Quesnoy-sur-Deûle,"100,00",oui
59485,Quiévy,"100,00",oui
59495,Recquignies,"100,00",oui
59502,Rieux-en-Cambrésis,"100,00",oui
59512,Roubaix,"100,00",oui
59533,Saint-Hilaire-lez-Cambrai,"100,00",oui
59550,Salomé,"100,00",oui
59574,Somain,"100,00",oui
59586,Templeuve-en-Pévèle,"100,00",oui
59597,Tilloy-lez-Cambrai,"100,00",oui
59599,Tourcoing,"100,00",oui
59603,Trith-Saint-Léger,"100,00",oui
59606,Valenciennes,"100,00",oui
59614,Viesly,"100,00",oui
59616,Vieux-Condé,"100,00",oui
59639,Wargnies-le-Grand,"100,00",oui
59648,Wattignies,"100,00",oui
59650,Wattrelos,"100,00",oui
59651,Wavrechain-sous-Denain,"100,00",oui
59659,Wignehies,"100,00",oui
59660,Willems,"100,00",oui
60024,Arsy,"100,00",oui
60057,Beauvais,"100,00",oui
60068,Béthisy-Saint-Pierre,"100,00",oui
60115,Bulles,"100,00",oui
60139,Chambly,"100,00",oui
60141,Chantilly,"100,00",oui
60159,Compiègne,"100,00",oui
60175,Creil,"100,00",oui
60176,Crépy-en-Valois,"100,00",oui
60233,Feuquières,"100,00",oui
60238,Fleurines,"100,00",oui
60242,Fontaine-Lavaganne,"100,00",oui
60250,Fouquenies,"100,00",oui
60256,Montchevreuil,"100,00",oui
60338,Lacroix-Saint-Ouen,"100,00",oui
60374,Maignelay-Montigny,"100,00",oui
60395,Méru,"100,00",oui
60418,Montiers,"100,00",oui
60439,Mouy,"100,00",oui
60446,Nanteuil-le-Haudouin,"100,00",oui
60450,Neuilly-en-Thelle,"100,00",oui
60463,Nogent-sur-Oise,"100,00",oui
60468,Nourard-le-Franc,"100,00",oui
60471,Noyon,"100,00",oui
60508,Pontpoint,"100,00",oui
60559,La Rue-Saint-Pierre,"100,00",oui
60582,Saint-Léger-aux-Bois,"100,00",oui
60589,Saint-Maximin,"100,00",oui
60597,Saint-Sauveur,"100,00",oui
60603,Salency,"100,00",oui
60612,Senlis,"100,00",oui
60658,Vauciennes,"100,00",oui
60684,Villers-Saint-Paul,"100,00",oui
61001,Alençon,"100,00",oui
61214,L'Aigle,"100,00",oui
61293,Mortagne-au-Perche,"100,00",oui
61327,Pervenchères,"100,00",oui
61399,Saint-Gervais-des-Sablons,"100,00",oui
61423,Saint-Martin-d'Ecublei,"100,00",oui
61464,Sées,"100,00",oui
61491,Tourouvre au Perche,"100,00",oui
62026,Ambricourt,"100,00",oui
62033,Annay,"100,00",oui
62038,Ardres,"100,00",oui
62044,Attin,"100,00",oui
62100,Beaurainville,"100,00",oui
62108,Berck,"100,00",oui
62133,Billy-Montigny,"100,00",oui
62145,Boiry-Notre-Dame,"100,00",oui
62215,Carvin,"100,00",oui
62232,La Comté,"100,00",oui
62244,Coulogne,"100,00",oui
62249,Courcelles-lès-Lens,"100,00",oui
62261,Cucq,"100,00",oui
62270,Divion,"100,00",oui
62274,Dourges,"100,00",oui
62318,Etaples,"100,00",oui
62321,Evin-Malmaison,"100,00",oui
62334,Fiennes,"100,00",oui
62343,Fontaine-lès-Croisilles,"100,00",oui
62351,Fouquières-lès-Lens,"100,00",oui
62382,Gouy-Saint-André,"100,00",oui
62383,Gouy-sous-Bellonne,"100,00",oui
62386,Grenay,"100,00",oui
62432,Herbinghen,"100,00",oui
62459,Houvin-Houvigneul,"100,00",oui
62489,Lapugnoy,"100,00",oui
62510,Liévin,"100,00",oui
62516,Lillers,"100,00",oui
62518,Linzeux,"100,00",oui
62534,Lumbres,"100,00",oui
62557,Maroeuil,"100,00",oui
62580,Monchy-Breton,"100,00",oui
62587,Montigny-en-Gohelle,"100,00",oui
62637,Oignies,"100,00",oui
62652,Pernes,"100,00",oui
62666,Pont-à-Vendin,"100,00",oui
62705,Rety,"100,00",oui
62712,Rivière,"100,00",oui
62767,Saint-Pol-sur-Ternoise,"100,00",oui
62812,Thiembronne,"100,00",oui
62841,Vendin-lès-Béthune,"100,00",oui
62849,Verton,"100,00",oui
62865,Vitry-en-Artois,"100,00",oui
62902,Wizernes,"100,00",oui
63002,Aix-la-Fayette,"100,00",oui
63003,Ambert,"100,00",oui
63012,Artonne,"100,00",oui
63026,Aydat,"100,00",oui
63032,Beaumont,"100,00",oui
63070,Ceyrat,"100,00",oui
63124,Cournon-d'Auvergne,"100,00",oui
63125,Courpière,"100,00",oui
63195,Lezoux,"100,00",oui
63284,Pont-du-Château,"100,00",oui
63300,Riom,"100,00",oui
63302,La Roche-Blanche,"100,00",oui
63380,Saint-Nectaire,"100,00",oui
63430,Thiers,"100,00",oui
63435,Tourzel-Ronzières,"100,00",oui
63437,Trémouille-Saint-Loup,"100,00",oui
63464,Vitrac,"100,00",oui
64035,Arbonne,"100,00",oui
64065,Ascain,"100,00",oui
64102,Bayonne,"100,00",oui
64108,Bellocq,"100,00",oui
64122,Biarritz,"100,00",oui
64133,Boeil-Bezing,"100,00",oui
64140,Boucau,"100,00",oui
64147,Briscous,"100,00",oui
64160,Cambo-les-Bains,"100,00",oui
64260,Hendaye,"100,00",oui
64269,Idron,"100,00",oui
64371,Mauléon-Licharre,"100,00",oui
64417,Nay,"100,00",oui
64422,Oloron-Sainte-Marie,"100,00",oui
64483,Saint-Jean-de-Luz,"100,00",oui
64545,Urrugne,"100,00",oui
65025,Argelès-Gazost,"100,00",oui
65059,Bagnères-de-Bigorre,"100,00",oui
65295,Luz-Saint-Sauveur,"100,00",oui
65304,Maubourguet,"100,00",oui
65440,Tarbes,"100,00",oui
65460,Vic-en-Bigorre,"100,00",oui
66008,Argelès-sur-Mer,"100,00",oui
66024,Le Boulou,"100,00",oui
66028,Cabestany,"100,00",oui
66038,Canohès,"100,00",oui
66050,Claira,"100,00",oui
66082,Formiguères,"100,00",oui
66088,Ille-sur-Têt,"100,00",oui
66107,Maury,"100,00",oui
66108,Millas,"100,00",oui
66134,Passa,"100,00",oui
66149,Prades,"100,00",oui
66164,Rivesaltes,"100,00",oui
66175,Saint-Génis-des-Fontaines,"100,00",oui
66176,Saint-Hippolyte,"100,00",oui
66180,Saint-Laurent-de-la-Salanque,"100,00",oui
66189,Saleilles,"100,00",oui
66217,Trouillas,"100,00",oui
67020,Barembach,"100,00",oui
67061,Bouxwiller,"100,00",oui
67067,Brumath,"100,00",oui
67078,Crastatt,"100,00",oui
67101,Dorlisheim,"100,00",oui
67130,Erstein,"100,00",oui
67180,Haguenau,"100,00",oui
67196,Hilsenheim,"100,00",oui
67205,Hoerdt,"100,00",oui
67216,Huttenheim,"100,00",oui
67268,Lipsheim,"100,00",oui
67276,Lutzelhouse,"100,00",oui
67348,Obernai,"100,00",oui
67365,Ostwald,"100,00",oui
67368,Ottrott,"100,00",oui
67397,Rhinau,"100,00",oui
67411,Rosheim,"100,00",oui
67447,Schiltigheim,"100,00",oui
67462,Sélestat,"100,00",oui
67523,Weitbruch,"100,00",oui
67544,Wissembourg,"100,00",oui
67550,Woerth,"100,00",oui
68006,Bernwiller,"100,00",oui
68012,Aspach-Michelbach,"100,00",oui
68028,Bergheim,"100,00",oui
68036,Biesheim,"100,00",oui
68066,Colmar,"100,00",oui
68084,Eschentzwiller,"100,00",oui
68124,Hausgauen,"100,00",oui
68162,Kaysersberg Vignoble,"100,00",oui
68173,Labaroche,"100,00",oui
68184,Liebsdorf,"100,00",oui
68217,Moosch,"100,00",oui
68224,Mulhouse,"100,00",oui
68240,Illtal,"100,00",oui
68256,Pfastatt,"100,00",oui
68262,Ranspach,"100,00",oui
68298,Sainte-Marie-aux-Mines,"100,00",oui
68334,Thann,"100,00",oui
68359,Wattwiller,"100,00",oui
68375,Wittelsheim,"100,00",oui
69006,Amplepuis,"100,00",oui
69010,L'Arbresle,"100,00",oui
69044,Charbonnières-les-Bains,"100,00",oui
69071,Curis-au-Mont-d'Or,"100,00",oui
69115,Limas,"100,00",oui
69143,Neuville-sur-Saône,"100,00",oui
69267,Villié-Morgon,"100,00",oui
69271,Chassieu,"100,00",oui
69288,Saint-Laurent-de-Mure,"100,00",oui
70021,Andornay,"100,00",oui
70079,Bougnon,"100,00",oui
70285,Héricourt,"100,00",oui
70310,Lure,"100,00",oui
70388,Noidans-lès-Vesoul,"100,00",oui
70453,La Rosière,"100,00",oui
71014,Autun,"100,00",oui
71033,Bey,"100,00",oui
71137,Cluny,"100,00",oui
71149,Couches,"100,00",oui
71153,Le Creusot,"100,00",oui
71263,Louhans-Châteaurenaud,"100,00",oui
71270,Mâcon,"100,00",oui
71275,Marcigny,"100,00",oui
72042,Bouloire,"100,00",oui
72154,La Flèche,"100,00",oui
72163,Ligron,"100,00",oui
72181,Le Mans,"100,00",oui
72231,Parigné-l'Evêque,"100,00",oui
72264,Sablé-sur-Sarthe,"100,00",oui
72346,La Suze-sur-Sarthe,"100,00",oui
72386,Yvré-l'Evêque,"100,00",oui
73006,Aime-la-Plagne,"100,00",oui
73011,Albertville,"100,00",oui
73031,Bassens,"100,00",oui
73054,Bourg-Saint-Maurice,"100,00",oui
73182,Mouxy,"100,00",oui
73186,Notre-Dame-de-Bellecombe,"100,00",oui
73227,Courchevel,"100,00",oui
73286,Serrières-en-Chautagne,"100,00",oui
73326,Vimines,"100,00",oui
74056,Chamonix-Mont-Blanc,"100,00",oui
74103,Domancy,"100,00",oui
74105,Douvaine,"100,00",oui
74123,Faverges-Seythenex,"100,00",oui
74128,Fillinges,"100,00",oui
74212,Glières-Val-de-Borne,"100,00",oui
74224,La Roche-sur-Foron,"100,00",oui
74225,Rumilly,"100,00",oui
74243,Saint-Julien-en-Genevois,"100,00",oui
74256,Sallanches,"100,00",oui
74275,Talloires-Montmin,"100,00",oui
74282,Fillière,"100,00",oui
74309,Viry,"100,00",oui
74315,Yvoire,"100,00",oui
76025,Argueil,"100,00",oui
76056,Bardouville,"100,00",oui
76095,Bihorel,"100,00",oui
76101,Blangy-sur-Bresle,"100,00",oui
76172,La Chapelle-sur-Dun,"100,00",oui
76259,Fécamp,"100,00",oui
76296,Gainneville,"100,00",oui
76319,Grand-Couronne,"100,00",oui
76351,Le Havre,"100,00",oui
76370,Hugleville-en-Caux,"100,00",oui
76398,Louvetot,"100,00",oui
76429,Le Mesnil-Esnard,"100,00",oui
76492,Ouville-la-Rivière,"100,00",oui
76533,Rogerville,"100,00",oui
76561,Saint-Aubin-lès-Elbeuf,"100,00",oui
76599,Saint-Léger-du-Bourg-Denis,"100,00",oui
76636,Saint-Pierre-de-Varengeville,"100,00",oui
76640,Saint-Pierre-lès-Elbeuf,"100,00",oui
76648,Saint-Saëns,"100,00",oui
76655,Saint-Valery-en-Caux,"100,00",oui
76697,Torcy-le-Grand,"100,00",oui
76758,Yvetot,"100,00",oui
77014,Avon,"100,00",oui
77018,Bailly-Romainvilliers,"100,00",oui
77037,Bois-le-Roi,"100,00",oui
77053,Brie-Comte-Robert,"100,00",oui
77058,Bussy-Saint-Georges,"100,00",oui
77083,Champs-sur-Marne,"100,00",oui
77086,La Chapelle-Gauthier,"100,00",oui
77122,Combs-la-Ville,"100,00",oui
77124,Conches-sur-Gondoire,"100,00",oui
77137,Courtacon,"100,00",oui
77146,Croissy-Beaubourg,"100,00",oui
77152,Dammarie-les-Lys,"100,00",oui
77153,Dammartin-en-Goële,"100,00",oui
77184,Flagy,"100,00",oui
77216,Grez-sur-Loing,"100,00",oui
77217,Grisy-Suisnes,"100,00",oui
77222,Guignes,"100,00",oui
77261,Lorrez-le-Bocage-Préaux,"100,00",oui
77285,Le Mée-sur-Seine,"100,00",oui
77307,Montévrain,"100,00",oui
77312,Montigny-sur-Loing,"100,00",oui
77315,Montry,"100,00",oui
77316,Moret-Loing-et-Orvanne,"100,00",oui
77350,Ozoir-la-Ferrière,"100,00",oui
77352,Ozouer-le-Voulgis,"100,00",oui
77393,Rozay-en-Brie,"100,00",oui
77407,Saint-Fargeau-Ponthierry,"100,00",oui
77430,Saint-Pathus,"100,00",oui
77438,Saint-Thibault-des-Vignes,"100,00",oui
77464,Thorigny-sur-Marne,"100,00",oui
77479,Vaires-sur-Marne,"100,00",oui
77487,Vaux-le-Pénil,"100,00",oui
77493,Verneuil-l'Etang,"100,00",oui
77510,Villeneuve-Saint-Denis,"100,00",oui
77533,Vulaines-sur-Seine,"100,00",oui
78171,Condé-sur-Vesgre,"100,00",oui
78299,Hardricourt,"100,00",oui
78300,Hargeville,"100,00",oui
79174,Melle,"100,00",oui
80001,Abbeville,"100,00",oui
80010,Ailly-sur-Noye,"100,00",oui
80013,Airaines,"100,00",oui
80062,Beaucamps-le-Vieux,"100,00",oui
80098,Bettembos,"100,00",oui
80150,Buire-Courcelles,"100,00",oui
80184,Cerisy,"100,00",oui
80212,Corbie,"100,00",oui
80241,Domart-en-Ponthieu,"100,00",oui
80253,Doullens,"100,00",oui
80308,Feuquières-en-Vimeu,"100,00",oui
80368,Friville-Escarbotin,"100,00",oui
80423,Havernas,"100,00",oui
80561,Montdidier,"100,00",oui
80570,Moreuil,"100,00",oui
80574,Mouflers,"100,00",oui
80618,Pendé,"100,00",oui
80677,Roisel,"100,00",oui
80685,Roye,"100,00",oui
80688,Rue,"100,00",oui
80696,Sains-en-Amiénois,"100,00",oui
80721,Saint-Valery-sur-Somme,"100,00",oui
81004,Albi,"100,00",oui
81039,Briatexte,"100,00",oui
81060,Carmaux,"100,00",oui
81065,Castres,"100,00",oui
81069,Cordes-sur-Ciel,"100,00",oui
81070,Coufouleux,"100,00",oui
81099,Gaillac,"100,00",oui
81105,Graulhet,"100,00",oui
81128,Lacrouzette,"100,00",oui
81144,Lescure-d'Albigeois,"100,00",oui
81206,Penne,"100,00",oui
81220,Rabastens,"100,00",oui
81325,Viviers-lès-Montagnes,"100,00",oui
82002,Albias,"100,00",oui
82013,Beaumont-de-Lomagne,"100,00",oui
82033,Castelsarrasin,"100,00",oui
82075,Grisolles,"100,00",oui
82121,Montauban,"100,00",oui
82161,Saint-Etienne-de-Tulmont,"100,00",oui
82190,Verdun-sur-Garonne,"100,00",oui
83004,Les Arcs,"100,00",oui
83009,Bandol,"100,00",oui
83011,Bargemon,"100,00",oui
83016,Le Beausset,"100,00",oui
83018,Besse-sur-Issole,"100,00",oui
83027,La Cadière-d'Azur,"100,00",oui
83030,Camps-la-Source,"100,00",oui
83032,Carcès,"100,00",oui
83042,Cogolin,"100,00",oui
83048,La Croix-Valmer,"100,00",oui
83050,Draguignan,"100,00",oui
83055,Fayence,"100,00",oui
83057,Flassans-sur-Issole,"100,00",oui
83064,Garéoult,"100,00",oui
83070,Le Lavandou,"100,00",oui
83086,Le Muy,"100,00",oui
83093,Plan-d'Aups-Sainte-Baume,"100,00",oui
83094,Le Plan-de-la-Tour,"100,00",oui
83101,Ramatuelle,"100,00",oui
83102,Régusse,"100,00",oui
83107,Roquebrune-sur-Argens,"100,00",oui
83112,Saint-Cyr-sur-Mer,"100,00",oui
83116,Saint-Maximin-la-Sainte-Baume,"100,00",oui
83121,Salernes,"100,00",oui
83123,Sanary-sur-Mer,"100,00",oui
83127,Signes,"100,00",oui
83132,Solliès-Ville,"100,00",oui
83141,Trans-en-Provence,"100,00",oui
83148,Vidauban,"100,00",oui
84003,Apt,"100,00",oui
84004,Aubignan,"100,00",oui
84016,Bédarrides,"100,00",oui
84031,Carpentras,"100,00",oui
84035,Cavaillon,"100,00",oui
84054,L'Isle-sur-la-Sorgue,"100,00",oui
84056,Jonquières,"100,00",oui
84065,Lauris,"100,00",oui
84068,Lourmarin,"100,00",oui
84072,Mazan,"100,00",oui
84080,Monteux,"100,00",oui
84083,Mornas,"100,00",oui
84087,Orange,"100,00",oui
84089,Pertuis,"100,00",oui
84091,Piolenc,"100,00",oui
84122,Sarrians,"100,00",oui
84123,Sault,"100,00",oui
84132,Le Thor,"100,00",oui
84149,Violès,"100,00",oui
85002,L'Aiguillon-sur-Vie,"100,00",oui
85047,Challans,"100,00",oui
85088,Le Fenouiller,"100,00",oui
85092,Fontenay-le-Comte,"100,00",oui
85113,L'Île-d'Yeu,"100,00",oui
85127,Longeville-sur-Mer,"100,00",oui
85128,Luçon,"100,00",oui
85191,La Roche-sur-Yon,"100,00",oui
85194,Les Sables-d'Olonne,"100,00",oui
85213,Rives de l'Yon,"100,00",oui
85234,Saint-Jean-de-Monts,"100,00",oui
86066,Châtellerault,"100,00",oui
86068,Chaunay,"100,00",oui
86070,Chauvigny,"100,00",oui
86123,Boivre-la-Vallée,"100,00",oui
86157,Mignaloux-Beauvoir,"100,00",oui
86174,Naintré,"100,00",oui
86194,Poitiers,"100,00",oui
86293,Vivonne,"100,00",oui
87048,Condat-sur-Vienne,"100,00",oui
87050,Couzeix,"100,00",oui
87054,Cussac,"100,00",oui
87085,Limoges,"100,00",oui
87091,Maisonnais-sur-Tardoire,"100,00",oui
87106,Nexon,"100,00",oui
87109,Oradour-Saint-Genest,"100,00",oui
87127,La Roche-l'Abeille,"100,00",oui
88009,Anould,"100,00",oui
88089,La Chapelle-devant-Bruyères,"100,00",oui
88114,Contrexéville,"100,00",oui
88126,Darnieulles,"100,00",oui
88147,Dommartin-aux-Bois,"100,00",oui
88160,Epinal,"100,00",oui
88173,Florémont,"100,00",oui
88178,Les Forges,"100,00",oui
88413,Saint-Dié-des-Vosges,"100,00",oui
88429,Saint-Nabord,"100,00",oui
88453,Seraumont,"100,00",oui
89024,Auxerre,"100,00",oui
89046,Bléneau,"100,00",oui
89055,Brienon-sur-Armançon,"100,00",oui
89118,Coulanges-la-Vineuse,"100,00",oui
89124,Courlon-sur-Yonne,"100,00",oui
89257,Migennes,"100,00",oui
89344,Saint-Fargeau,"100,00",oui
89387,Sens,"100,00",oui
89464,Villeneuve-sur-Yonne,"100,00",oui
90010,Belfort,"100,00",oui
90033,Delle,"100,00",oui
90052,Giromagny,"100,00",oui
90099,Valdoie,"100,00",oui
91095,Bouray-sur-Juine,"100,00",oui
91667,Villemoisson-sur-Orge,"100,00",oui
92002,Antony,"100,00",oui
92012,Boulogne-Billancourt,"100,00",oui
92033,Garches,"100,00",oui
92040,Issy-les-Moulineaux,"100,00",oui
92072,Sèvres,"100,00",oui
97408,La Possession,"100,00",oui
97409,Saint-André,"100,00",oui
97413,Saint-Leu,"100,00",oui
97415,Saint-Paul,"100,00",oui
97416,Saint-Pierre,"100,00",oui
97418,Sainte-Marie,"100,00",oui
97420,Sainte-Suzanne,"100,00",oui
97422,Le Tampon,"100,00",oui
97423,Les Trois-Bassins,"100,00",oui
97424,Cilaos,"100,00",oui
97601,Acoua,"100,00",oui
97602,Bandraboua,"100,00",oui
97603,Bandrele,"100,00",oui
97604,Bouéni,"100,00",oui
97606,Chirongui,"100,00",oui
97607,Dembeni,"100,00",oui
97608,Dzaoudzi,"100,00",oui
97609,Kani-Kéli,"100,00",oui
97610,Koungou,"100,00",oui
97612,Mtsamboro,"100,00",oui
97614,Ouangani,"100,00",oui
97615,Pamandzi,"100,00",oui
97616,Sada,"100,00",oui
97617,Tsingoni,"100,00",oui
98802,Bouloupari,"100,00",oui
98803,Bourail,"100,00",oui
98804,Canala,"100,00",oui
98805,Dumbéa,"100,00",oui
98808,Houaïlou,"100,00",oui
98809,L'Ile-des-Pins,"100,00",oui
98810,Kaala-Gomen,"100,00",oui
98811,Koné,"100,00",oui
98812,Koumac,"100,00",oui
98813,La Foa,"100,00",oui
98815,Maré,"100,00",oui
98817,Le Mont-Dore,"100,00",oui
98818,Nouméa,"100,00",oui
98819,Ouégoa,"100,00",oui
98820,Ouvéa,"100,00",oui
98821,Païta,"100,00",oui
98822,Poindimié,"100,00",oui
98823,Ponérihouen,"100,00",oui
98824,Pouébo,"100,00",oui
98825,Pouembout,"100,00",oui
98826,Poum,"100,00",oui
98827,Poya,"100,00",oui
98829,Thio,"100,00",oui
98831,Voh,"100,00",oui
98833,Kouaoua,"100,00",oui
